source_id,symbol_orig,name_orig,unit_id,note
1,Qs,Swamp Deposit,QS,"4 poligon, 26843.9 km2 | Endapan Rawa"
1,Tmpm1,Muara Enim Formation,TMPM1,"11 poligon, 5718.0 km2 | Formasi Muara Enim"
1,TRt,Tanjunggenting Formation,TRT,"64 poligon, 5565.5 km2 | Formasi Tanjunggenting"
1,TRJkg,Klabat Granite,TRJKG,"55 poligon, 3638.9 km2 | Granit Klabat"
1,PCks1,Kelapa Kampit Formation,PCKS1,"15 poligon, 2756.8 km2 | Formasi Kelapa Kampit"
1,Qa,Alluvium,QA,"379 poligon, 2725.5 km2 | Aluvium"
1,Qav,Swamp Deposit,QAV,"2 poligon, 632.4 km2 | Endapan Rawa"
1,PCTm,Tajam Formation,PCTM,"22 poligon, 619.0 km2 | Formasi Tajam"
1,QTk,Kasai Formation,QTK,"5 poligon, 574.1 km2 | Formasi Kasai"
1,Trtg,Tanjunggenting Grani,TRTG,"1 poligon, 534.5 km2 | Granit Tanjung Pandang"
1,CPp,Pemali Complex,CPP,"18 poligon, 521.3 km2 | Komplek Malihan Pemali"
1,Tma,Air Benakat Formation,TMA,"2 poligon, 310.9 km2 | Formasi Air Benakat"
1,Jma,Baginda Adamelite,JMA,"3 poligon, 239.6 km2 | Adamelit Baginda"
1,TQr,Ranggam Formation,TQR,"19 poligon, 234.2 km2 | Formasi Ranggam"
1,Qa,Alluvium Deposit,QA,"18 poligon, 209.4 km2 | Endapan Aluvial"
1,Qak,Quartz Sand,QAK,"7 poligon, 145.1 km2 | Pasir Kuarsa"
1,Kbg,Burung Mandi Granodiorite,KBG,"2 poligon, 59.8 km2 | Granodiorit Burung Mandi"
1,Qpk,Kutacane Formation,QPK,"2 poligon, 13.9 km2 | Formasi Kutacane"
1,Gr4,Palu Granite,GR4,"56 poligon, 6.1 km2 | Batuan Terobosan"
1,Jgr,Granite,JGR,"2 poligon, 6.0 km2 | Granit"
1,Kbd,Batubesi Quartz Diorite,KBD,"2 poligon, 2.1 km2 | Diorit Kuarsa Batubesi"
1,PTrd,Penyambung Diabase,PTRD,"1 poligon, 1.1 km2 | Penyabung Diabase"
1,PCsv,Siantu Formation,PCSV,"3 poligon, 0.6 km2 | Formasi Siantu"
2,Qh,Younger Alluvium,QH,"451 poligon, 34143.3 km2 | Alluvium"
2,Qs,Swamp Deposit,QS,"56 poligon, 29978.8 km2 | Endapan Rawa"
2,QTk,Kasai Formation,QTK,"85 poligon, 29784.3 km2 | Formasi Kasai"
2,Qp,Older Alluvium,QP,"296 poligon, 26435.6 km2 | Alluvium Tua"
2,Tmpm1,Muara Enim Formation,TMPM1,"89 poligon, 23631.4 km2 | Formasi Muara Enim"
2,Qvt,Toba Tuff,QVT,"38 poligon, 18057.3 km2 | Tufa Toba"
2,Qas,Swamp Deposit,QAS,"41 poligon, 14676.3 km2 | Endapan Rawa"
2,Qa,Alluvium,QA,"413 poligon, 14001.4 km2 | Aluvium"
2,Qal,Alluvium,QAL,"109 poligon, 11754.3 km2 | Alluvium"
2,Qpmi,Minas Formation,QPMI,"42 poligon, 10389.3 km2 | Formasi Minas"
2,Tma,Air Benakat Formation,TMA,"69 poligon, 9972.0 km2 | Formasi Air Benakat"
2,Tup,Petani Formation,TUP,"32 poligon, 8873.4 km2 | Formasi Petani"
2,Puk,Kluet Formation,PUK,"55 poligon, 8569.7 km2 | Formasi Kluet"
2,QTr,Ranau Formation,QTR,"35 poligon, 7404.6 km2 | Formasi Ranau"
2,Tomh,Hulusimpang Formation,TOMH,"81 poligon, 6290.2 km2 | Formasi Hulusimpang"
2,Qhv,Masurai Volcanic,QHV,"18 poligon, 5433.4 km2 | Gunungapi Masurai"
2,Tmt,Telisa Formation,TMT,"39 poligon, 4839.9 km2 | Formasi Telisa"
2,Qvkb,Quarternary Volcanic,QVKB,"1 poligon, 4427.1 km2 | Batuan Gunungapi Kuarter"
2,QTb,Bintunan Formation,QTB,"23 poligon, 3764.5 km2 | Formasi Bitunan"
2,Qpm,Meulaboh Formation,QPM,"26 poligon, 3643.9 km2 | Formasi Meulaboh"
2,Pub,Bohorok Formation,PUB,"13 poligon, 3551.9 km2 | Formasi Bohorok"
2,Tmg,Gumai Formation,TMG,"67 poligon, 3378.4 km2 | Formasi Gumai"
2,Qvl,Geureundong Volcanic,QVL,"5 poligon, 3279.5 km2 | Pusat Gunungapi Geureundong"
2,Tmb,Baong Formation,TMB,"65 poligon, 2894.5 km2 | Formasi Baong"
2,Tmv,Maninjau Volcanic Centre,TMV,"3 poligon, 2879.2 km2 | Pusat Gunungapi Maninjau"
2,Puku,Kuantan Formation,PUKU,"12 poligon, 2818.6 km2 | Formasi Kuantan"
2,Tomp,Papan Batupang Formation,TOMP,"46 poligon, 2764.6 km2 | Formasi Papan Betupang"
2,QTv,Rhyoandesite Volcanic,QTV,"7 poligon, 2749.3 km2 | Batuan Gunungapi Rhyo-Andesite"
2,Tml1,Coral Reef Limestone,TML1,"32 poligon, 2709.4 km2 | Batugamping Terumbu Koral"
2,Tms2,Sihapas Formation,TMS2,"48 poligon, 2706.5 km2 | Formasi Sihapas"
2,Tmpsa,Sagulubek Formation,TMPSA,"2 poligon, 2498.0 km2 | Formasi Sagulybek"
2,PCkq,Kuantan Formation,PCKQ,"10 poligon, 2365.5 km2 | Formasi Kuantan"
2,Tlvs,Sapi Volcanic Formation,TLVS,"2 poligon, 2270.6 km2 | Formasi Gunungapi Sapi"
2,QTt,Tutut Formation,QTT,"17 poligon, 2251.6 km2 | Formasi Tutut"
2,Qhvd,Dempo Volcanic,QHVD,"3 poligon, 2151.2 km2 | Gunungapi Dempo"
2,Put,Tapanuli Group,PUT,"15 poligon, 2145.0 km2 | Kelompok Tapanuli"
2,Tmba,Bal Formation,TMBA,"58 poligon, 2033.9 km2 | Formasi Bal"
2,Tlr,Rampong Formation,TLR,"15 poligon, 1975.3 km2 | Formasi Rampong"
2,Pb,Barisan Formation,PB,"3 poligon, 1936.7 km2 | Formasi Barisan"
2,Gr4,Palu Granite,GR4,"134 poligon, 1873.9 km2 | Batuan Terobosan"
2,Qv,Quarternary Volcanic,QV,"25 poligon, 1856.7 km2 | Batuan Gunungapi Kuarter"
2,Kgr1,Cretaceous Granite,KGR1,"27 poligon, 1822.9 km2 | Granit Kapur"
2,Tmps3,Simpangaur Formation,TMPS3,"36 poligon, 1785.1 km2 | Formasi Simpangaur"
2,QTg,Goungon Formation,QTG,"515 poligon, 1769.6 km2 | Formasi Goungon"
2,PCks1,Kuantan Formation,PCKS1_SUM2,"26 poligon, 1758.5 km2 | Formasi Kuantan"
2,Qhvs,Sekincau Volcanic,QHVS,"4 poligon, 1677.4 km2 | Gunungapi Sekincau"
2,Toms,Seblat Formation,TOMS,"22 poligon, 1673.9 km2 | Formasi Seblat"
2,Tps,Seureula Formation,TPS,"26 poligon, 1667.2 km2 | Formasi Seureula"
2,Qpt1,Totolan Formation,QPT1,"17 poligon, 1650.0 km2 | Formasi Totolan"
2,Tos1,Sangkarewang Formation,TOS1,"5 poligon, 1568.5 km2 | Formasi Sangkarewang"
2,QTjr,Julu Rayeu Formation,QTJR,"18 poligon, 1546.1 km2 | Formasi Julu Rayeu"
2,Jgr,Granite,JGR,"26 poligon, 1462.2 km2 | Granit"
2,Tuk,Keuteupang Formation,TUK,"21 poligon, 1425.4 km2 | Formasi Keutapang"
2,QTp,Andesite Or Dacite Porphyry,QTP,"19 poligon, 1388.5 km2 | Porfiri Andesit Dan Dasit"
2,Qhvp,Pesawaran Volcanic,QHVP,"8 poligon, 1277.9 km2 | Gunungapi Pesawaran"
2,QTau,Undifferentiated Flow,QTAU,"9 poligon, 1199.6 km2 | Aliran Yang Tak Teruraikan"
2,Ja,Asai Formation,JA,"8 poligon, 1197.7 km2 | Formasi Asai"
2,Tmvna,Naribong Volcanic Formation,TMVNA,"4 poligon, 1165.1 km2 | Formasi Gununagpi Naribong"
2,Tlb,Bampo Formation,TLB,"12 poligon, 1157.7 km2 | Formasi Bampo"
2,Misk,Sikuleh Batholith,MISK,"4 poligon, 1145.5 km2 | Batolit Sikuleh"
2,Tomm,Tanah Bola Melange,TOMM,"10 poligon, 1134.6 km2 | Bancuh Tanah Bala"
2,Qou,Undifferentiated Acid Volcanic,QOU,"2 poligon, 1132.4 km2 | Batuan Gunungapi Asam Tak Terpisahkan"
2,Tmpd,Dihit Formation,TMPD,"36 poligon, 1126.9 km2 | Formasi Dihit"
2,Qpke,Kerumutan Formation,QPKE,"1 poligon, 1085.9 km2 | Formasi Kerumutan"
2,Toml,Lakat Formation,TOML,"13 poligon, 1074.6 km2 | Formasi Lakat"
2,Ppa,Alas Formation,PPA,"7 poligon, 1051.2 km2 | Formasi Alas"
2,Tll,Loser Formation,TLL,"19 poligon, 1028.4 km2 | Formasi Loser"
2,Qav,Swamp Deposit,QAV,"25 poligon, 1006.4 km2 | Endapan Rawa"
2,Qhvgr,Granite,QHVGR,"1 poligon, 994.6 km2 | Granit"
2,PCm,Mentulu Formation,PCM,"4 poligon, 990.9 km2 | Formasi Mentulu"
2,Tmsk,Sihapas Formation,TMSK,"14 poligon, 987.2 km2 | Formasi Sihapas"
2,Ppal,Alas Formation,PPAL,"15 poligon, 964.8 km2 | Formasi Alas"
2,Tmm1,Maonai  Formation,TMM1,"14 poligon, 957.6 km2 | Formasi Maonai"
2,Tmpg1,Gomo Formation,TMPG1,"8 poligon, 945.1 km2 | Formasi Gomo"
2,Qvp,Geureundeng Volcanic,QVP,"4 poligon, 903.9 km2 | Pusat Gunungapi Geureundeng"
2,Tpok,Kikim Formation,TPOK,"43 poligon, 887.1 km2 | Formasi Kikim"
2,Js,Jurrasic Sediment,JS,"6 poligon, 880.8 km2 | Sedimen Jura"
2,Qpi,Idi Formation,QPI,"26 poligon, 871.7 km2 | Formasi Idi"
2,QTl,Lampung Formation,QTL,"7 poligon, 867.2 km2 | Formasi Lampung"
2,Qat1,Andesite Of Gunung Talamau,QAT1,"9 poligon, 856.0 km2 | Andesit Dari Gunung Talamau"
2,Tlsb,Sibolga Formation,TLSB,"22 poligon, 845.7 km2 | Formasi Sibolga"
2,Qps,Samosir Formation,QPS,"9 poligon, 833.3 km2 | Formasi Samosir"
2,Tmvo,Toru Volcanic Formation,TMVO,"9 poligon, 819.1 km2 | Formasi Batuan Gunungapi Toru"
2,Ksp,Pancur Formation,KSP,"491 poligon, 810.1 km2 | Formasi Pancur"
2,PCp,Pengabuhan Formation,PCP,"2 poligon, 796.4 km2 | Formasi Pengabuhan"
2,Mug,Geumpang Formation,MUG,"10 poligon, 777.0 km2 | Formasi Geumpang"
2,Qyl,Lava,QYL,"1 poligon, 776.1 km2 | Lava"
2,Pp,Palepat Formation,PP,"10 poligon, 746.2 km2 | Formasi Palepat"
2,QTvt,Temba Volcanic,QTVT,"1 poligon, 744.6 km2 | Batuan Gunungapi Lam Teuba"
2,Tmpr,Peutu Formation,TMPR,"1 poligon, 738.4 km2 | Formasi Peutu"
2,Tmvak,Angkola Volcanic Formation,TMVAK,"29 poligon, 738.2 km2 | Formasi Gunungapi Angkola"
2,Tmps,Saibi Formation,TMPS,"1 poligon, 735.4 km2 | Formasi Saibi"
2,g,Granite,G,"9 poligon, 725.6 km2 | Granit"
2,Tlm,Meucampli Formation,TLM,"6 poligon, 716.1 km2 | Formasi Meucampli"
2,Muw,Undifferentiated Woyla Member,MUW,"15 poligon, 711.5 km2 | Kelompok Woyla Tak Terpisahkan"
2,Qpme,Medan Formation,QPME,"2 poligon, 706.6 km2 | Formasi Medan"
2,Qvti,Toba Tuff,QVTI,"2 poligon, 704.5 km2 | Tufa Toba"
2,Tomt,Talangakar Formation,TOMT,"35 poligon, 690.3 km2 | Formasi Talangakar"
2,Tltv,Formasi Tangla,TLTV,"18 poligon, 663.3 km2 | Formasi Tangla"
2,QTvtu,Geireudong Volcanic,QTVTU,"3 poligon, 656.5 km2 | Batuan Pusat Gunungapi Geureudong"
2,Muvt,Tapaktuan Volcanic Formation,MUVT,"15 poligon, 648.8 km2 | Formasi Gunungapi Tapaktuan"
2,MPisl,Sibolga Complex,MPISL,"14 poligon, 636.6 km2 | Komplek Sibolga"
2,Qvmt,Malintang Volcanic Centre,QVMT,"1 poligon, 633.7 km2 | Pusat Gunungapi Malintang Centre"
2,Qamj,Andesite Of Danau Maninjau,QAMJ,"2 poligon, 622.4 km2 | Andesit Dari Kaldera Danau Maninjau"
2,PCkl,Kuantan Formation,PCKL,"22 poligon, 587.9 km2 | Formasi Kuantan"
2,Qvee,Georeudong Volcanic,QVEE,"1 poligon, 574.3 km2 | Pusat Gunungapi Grureudong"
2,PCg,Gangsal Formation,PCG,"4 poligon, 573.4 km2 | Formasi Gangsal"
2,Mutlr,Teunom Limestone Formation,MUTLR,"11 poligon, 568.9 km2 | Formasi Batugamping Teunom"
2,Pukul,Kuantan Formation,PUKUL,"5 poligon, 564.2 km2 | Formasi Kuantan"
2,Qvps,Peuet Sague Unit,QVPS,"1 poligon, 560.7 km2 | Satua Peuet Sague"
2,TRg,Granite,TRG,"77 poligon, 552.3 km2 | Granit"
2,PCmp,Duabelas Bukit Quart,PCMP,"160 poligon, 528.2 km2 | Kuarsit Bukit Duabelas"
2,Teos,Sangkarewang Formation,TEOS,"13 poligon, 520.4 km2 | Formasi Sangkarewang"
2,QTs,Serei Formation,QTS,"38 poligon, 509.7 km2 | Formasi Serei"
2,Tmh,Hiligeho Formation,TMH,"3 poligon, 508.4 km2 | Formasi Hiligeho"
2,QTvm,Takur-Takur Centre,QTVM,"1 poligon, 503.1 km2 | Pusat Takur-Takur"
2,Tmpl,Lakitan Formation,TMPL,"21 poligon, 502.0 km2 | Formasi Lakitan"
2,Teok,Kelesa Formation,TEOK,"19 poligon, 500.6 km2 | Formasi Kelesa"
2,Tmpb,Batumonga Formation,TMPB,"29 poligon, 499.5 km2 | Formasi Batumonga"
2,Tmk1,Kueh Formation,TMK1,"9 poligon, 492.0 km2 | Formasi Kueh"
2,Tmp,Peutu Formation,TMP,"12 poligon, 485.1 km2 | Formasi Peutu"
2,Qcl,Coralline Limestone,QCL,"87 poligon, 470.8 km2 | Batugamping Koral"
2,QTa,Airbalam Formation,QTA,"10 poligon, 462.1 km2 | Formasi Airbalam"
2,Mult,Tapaktuan Volcanic Formation,MULT,"14 poligon, 453.2 km2 | Formasi Gunungapi Tapaktuan"
2,Qhvsg,Sekincau Volcanic,QHVSG,"1 poligon, 449.7 km2 | Gunungapi Sekincau"
2,Tlbu,Butra Formation,TLBU,"6 poligon, 443.1 km2 | Formasi Butar"
2,KJp,Penete Formation,KJP,"7 poligon, 439.5 km2 | Formasi Peneta"
2,Qvbs,Subayak Centre,QVBS,"3 poligon, 438.0 km2 | Pusat Sibayak"
2,Mubg,Belok Gadang Formati,MUBG,"2 poligon, 404.7 km2 | Formasi Belok Gadang"
2,Pukt,Kuantan Formation,PUKT,"1 poligon, 403.3 km2 | Anggota Tanjungpauh"
2,Qama,Andesite Of Gunung Marapi,QAMA,"1 poligon, 392.4 km2 | Andesit Gunung Marapi"
2,Tomb,Undifferentiated Melange,TOMB,"14 poligon, 386.7 km2 | Bancuh Tak Terpetakan"
2,Tls,Simelit Formation,TLS,"1 poligon, 385.9 km2 | Formasi Simelit"
2,Tmvh,Haranggaol Volcanic,TMVH,"9 poligon, 383.7 km2 | Formasi Gunungapi Haranggaol"
2,Kss,Semarung Formation,KSS,"182 poligon, 383.0 km2 | Formasi Semarung"
2,Qvb,Sibualbuali Volcanic,QVB,"3 poligon, 369.4 km2 | Pusat Gunungapi Sibualbuali"
2,Qhvt,Hulusimpang Formation,QHVT,"1 poligon, 362.2 km2 | Formasi Hulusimpang"
2,Totl,Tampur Limestone Formation,TOTL,"6 poligon, 359.9 km2 | Formasi Batugamping Tampur"
2,Qar,Swamp Deposit,QAR,"15 poligon, 347.7 km2 | Endapan Rawa"
2,Tmpt1,Peutu Formation,TMPT1,"49 poligon, 345.9 km2 | Formasi Peutu"
2,Tukts,Kotabakti Formation,TUKTS,"2 poligon, 339.3 km2 | Formasi  Kotabakti"
2,Qhbs1,Ranau Formation,QHBS1,"2 poligon, 337.4 km2 | Formasi Ranau"
2,Mtk,Kualu Formation,MTK,"18 poligon, 337.4 km2 | Formasi Kualu"
2,Musl,Sise Limestone Formation,MUSL,"2 poligon, 336.9 km2 | Formasi Batugamping Sise"
2,Qvtt,Telago Volcanex Centtre,QVTT,"4 poligon, 332.0 km2 | Pusat Gunungapi Telago"
2,Qhvr,Sekincau Volcanic,QHVR,"2 poligon, 327.1 km2 | Gunungapi Sekincau"
2,Qvbj,Subayak Centre,QVBJ,"1 poligon, 325.5 km2 | Pusat Sibayak"
2,Qhtt,Sekincau Volcanic,QHTT,"1 poligon, 320.1 km2 | Gunungapi Sekincau"
2,Jts,Tanjung Datuk Formation,JTS,"1 poligon, 317.9 km2 | Formasi Tanjung Datuk"
2,TRts,Tuhur Formation,TRTS,"8 poligon, 316.5 km2 | Formasi Tuhur"
2,Qol,Lava,QOL,"2 poligon, 316.5 km2 | Formasi Painan"
2,Tmiti,Timbahan Intrusive Rock,TMITI,"1 poligon, 316.1 km2 | Intrusi Timbahan"
2,MPt,Tawar Formation,MPT,"2 poligon, 307.6 km2 | Formasi Tawar"
2,Murlr,Raba Limestone Formation,MURLR,"4 poligon, 306.9 km2 | Formasi Batugamping Raba"
2,Tmvc,Calang Volcanic Formation,TMVC,"14 poligon, 303.8 km2 | Formasi Gunungapi Calang"
2,Qvbe,Bekulap Unit,QVBE,"1 poligon, 302.7 km2 | Satuan Bekulap"
2,Tmou,Ombilin Formation,TMOU,"3 poligon, 302.0 km2 | Formasi Ombilin"
2,MPisj,Serbajadi Batolith,MPISJ,"1 poligon, 291.1 km2 | Batolit Serbajadi"
2,Tob1,Bruksah Formation,TOB1,"14 poligon, 290.4 km2 | Formasi Bruksah"
2,Mutl,Teunom Limestone Formation,MUTL,"8 poligon, 287.4 km2 | Formasi Batugamping Teunom"
2,Tos2,Sinamar Formation,TOS2,"3 poligon, 286.5 km2 | Formasi Sinamar"
2,Qvpd,Andesit Basal Volcanic,QVPD,"1 poligon, 279.2 km2 | Satuan Batuan Gunungapi  Andesit Basal"
2,MPu,Undifferentiated Perm,MPU,"4 poligon, 275.7 km2 | Lapisan Paleozoikum Dan/Atau Mesozoikum"
2,Teob,Brani Formation,TEOB,"12 poligon, 273.8 km2 | Formasi Brani"
2,Tukt,Kotabakti Formation,TUKT,"5 poligon, 270.3 km2 | Formasi Kotabakti"
2,Tmba,Barus Formation,TMBA_SUM2,"2 poligon, 269.9 km2 | Formasi Bal"
2,Qvk,Kembar Centre,QVK,"6 poligon, 265.7 km2 | Pusat Kembar"
2,MPn,Uneun Formation,MPN,"1 poligon, 264.0 km2 | Satuan Uneun"
2,Tpgdl,Langkup Granodiorit,TPGDL,"2 poligon, 260.9 km2 | Granodiorit Langkup"
2,Tlt,Tangla Formation,TLT,"13 poligon, 258.9 km2 | Formasi Tangla"
2,Pbl,Barisan Formation,PBL,"6 poligon, 258.3 km2 | Formasi Barisan"
2,Tlva,Akul Volcanic Formation,TLVA,"3 poligon, 258.3 km2 | Formasi Gunungapi Akul"
2,Qvd,Quarternary Volcanic,QVD,"1 poligon, 257.1 km2 | Batuan Gunungapi Kuarter"
2,Qyu,Undifferentiated Volcanic,QYU,"1 poligon, 256.3 km2 | Batuan Gunungapi Tak Terpisahkan"
2,Qf,Piedmont Fan,QF,"3 poligon, 251.8 km2 | Kipas Aluvial"
2,Ta,Andesite To Basalt,TA,"11 poligon, 247.0 km2 | Andesit - Basal"
2,MPul1,Undifferentiated Perm,MPUL1,"2 poligon, 245.7 km2 | Batugamping Pre Tertiary Tak Terbedakan"
2,Murl,Raba Limestone Formation,MURL,"3 poligon, 244.5 km2 | Formasi Batugamping Raba"
2,Pzg,Gunung Kasih Complex,PZG,"8 poligon, 242.7 km2 | Komplek Gunung Kasih"
2,Tmppt,Peutu Formation,TMPPT,"22 poligon, 241.4 km2 | Formasi Peutu"
2,Tmpe,Peutu Formation,TMPE,"2 poligon, 239.5 km2 | Formasi Peutu"
2,Pm,Mengkarang Formation,PM,"4 poligon, 235.9 km2 | Formasi Mengkarang"
2,QTpk,Kalea Formation,QTPK,"1 poligon, 233.0 km2 | Formasi Kalea"
2,Qamg,Andesite Of Gunung Malintang,QAMG,"1 poligon, 232.2 km2 | Andesit Gunung Malintang"
2,Mulh,Lhoong Formation,MULH,"5 poligon, 228.8 km2 | Formasi Lhoong"
2,Mub,Bale Formation,MUB,"1 poligon, 227.2 km2 | Formasi Bale"
2,QTvk,Takur-Takur Centre,QTVK,"10 poligon, 224.5 km2 | Pusat Takur-Takur"
2,Tmpm2,Peutu Formation,TMPM2,"1 poligon, 216.5 km2 | Formasi Peutu"
2,Qast,Andesite Of Gunung Singgalang,QAST,"1 poligon, 216.4 km2 | Andesit Dari Gunungapi Singgalang And Tandikat"
2,Tmvt,Trumon Volcanic Formation,TMVT,"3 poligon, 215.0 km2 | Formasi Batuan Gunungapi Trumon"
2,Cs,Carboniferous Metamorphic,CS,"3 poligon, 211.9 km2 | Batuan Metamorf Karbon"
2,Tpot,Tarahan Formation,TPOT,"12 poligon, 211.4 km2 | Formasi Tarahan"
2,MPisb,Sibubung Intrusive Rock,MPISB,"4 poligon, 210.4 km2 | Intrusi Sibubung"
2,Tgr,Granite,TGR,"10 poligon, 207.8 km2 | Granit"
2,QTps,Seulimeum Formation,QTPS,"11 poligon, 206.8 km2 | Formasi Seulimeun"
2,Tmvsg,Saligaro Volcanic Formation,TMVSG,"1 poligon, 205.2 km2 | Formasi Batuan Gunungapi Saligoro"
2,Qhvg,Granite,QHVG,"1 poligon, 204.8 km2 | Granit"
2,Qhvpd,Pesawaran Volcanic,QHVPD,"1 poligon, 200.8 km2 | Gunungapi Pesawaran"
2,TMi1,Miscellaneous Intrusive Rock,TMI1,"20 poligon, 193.3 km2 | Aneka Terobosan"
2,Qvlu,Lubukrata Volcanic Centre,QVLU,"2 poligon, 185.6 km2 | Pusat Gunungapi Lubukrata"
2,Pukup,Kuantan Formation,PUKUP,"3 poligon, 185.6 km2 | Formasi Kuantan"
2,Tsc,Miocene Sandstone,TSC,"2 poligon, 185.4 km2 | Batupasir Miosen"
2,Tmpp,Peutu Formation,TMPP,"4 poligon, 179.5 km2 | Formasi Peutu"
2,Mti,Undifferentiated Granite,MTI,"9 poligon, 178.9 km2 | Granite Tak Terpisahkan"
2,TMigs,Gle Seukeun Complex,TMIGS,"1 poligon, 176.9 km2 | Komplek Gle Seukeun"
2,Qhvps,Sekincau Volcanic,QHVPS,"1 poligon, 169.5 km2 | Gunungapi Sekincau"
2,Ppbl,Batumilmil Limestone,PPBL,"4 poligon, 169.3 km2 | Formasi Batugamping Batumilmil"
2,Tml2,Layabaung Formation,TML2,"1 poligon, 164.7 km2 | Formasi Layangbaung"
2,TRgm,Muncung Granite,TRGM,"14 poligon, 164.5 km2 | Granit Muncung"
2,QTm,Maur Formation,QTM,"1 poligon, 163.8 km2 | Formasi Maur"
2,Qhsb,Sekincau Volcanic,QHSB,"1 poligon, 163.2 km2 | Gunungapi Sekincau"
2,Qhtj,Sekincau Volcanic,QHTJ,"1 poligon, 163.1 km2 | Gunungapi Sekincau"
2,Tlpe,Pematang Formation,TLPE,"12 poligon, 156.0 km2 | Formasi Pematang"
2,TMimn,Nanunggal Batholith,TMIMN,"1 poligon, 155.1 km2 | Batolit Nanunggal"
2,QTvs,Simbolon Centre,QTVS,"3 poligon, 153.2 km2 | Pusat Simbolon"
2,Mup,Penarum Formation,MUP,"4 poligon, 149.6 km2 | Formasi Penarum"
2,Tuvsu,Surungan Volcanic Formation,TUVSU,"4 poligon, 149.3 km2 | Formasi Batuan Gunungapi Surungan"
2,Tmdi,Diorite,TMDI,"22 poligon, 146.6 km2 | Diorit"
2,Tmbar,Barus Formation,TMBAR,"2 poligon, 146.5 km2 | Formasi Barus"
2,Tmgr,Granite,TMGR,"22 poligon, 145.9 km2 | Granit"
2,Qhvi,Dempo Volcanic,QHVI,"1 poligon, 144.0 km2 | Gunungapi Dempo"
2,Qhvs2,Sekincau Volcanic,QHVS2,"1 poligon, 143.1 km2 | Gunungapi Sekincau"
2,Qpin,Indrapuri Formation,QPIN,"4 poligon, 140.9 km2 | Formasi Indrapuri"
2,Qoa,Undifferentiated Volcanic,QOA,"2 poligon, 140.6 km2 | Breksi Gunungapi Tak Terpisahkan"
2,Teol,Lahat Formation,TEOL,"11 poligon, 139.8 km2 | Formasi Lahat"
2,Tuvs,Sihabuhabu Volcanic,TUVS,"7 poligon, 139.1 km2 | Formasi Gunungapi Sihabuhabu"
2,Musk,Sikubu Formation,MUSK,"1 poligon, 133.3 km2 | Formasi Sikubu"
2,TMiab,Air Bengis Intrusive Rock,TMIAB,"13 poligon, 132.5 km2 | Intrusi Air Bengis"
2,Qhvt2,Sekincau Volcanic,QHVT2,"1 poligon, 131.6 km2 | Gunungapi Sekincau"
2,Qhvj,Dempo Volcanic,QHVJ,"1 poligon, 130.1 km2 | Gunungapi Dempo"
2,Tlsp,Sipopok Formation,TLSP,"1 poligon, 129.4 km2 | Formasi Sipopok"
2,Mums,Muarasoma Formation,MUMS,"9 poligon, 129.1 km2 | Formasi Muarasoma"
2,Tpgr,Seblat Granite,TPGR,"10 poligon, 122.4 km2 | Granit Seblat"
2,QTvw,Pulau Weh Volcanic Formation,QTVW,"5 poligon, 122.2 km2 | Batuan Gunungapi Pulau Weh"
2,Tla,Agam Formation,TLA,"1 poligon, 121.4 km2 | Formasi Agam"
2,Qhpt,Hornblende Hypersten,QHPT,"2 poligon, 121.2 km2 | Tuff Batuapung Hornblenda Hipersten"
2,Ps,Permian Metamorphic,PS,"8 poligon, 118.9 km2 | Batuan Metamorf Perem"
2,Qpk,Kutacane Formation,QPK,"11 poligon, 113.7 km2 | Formasi Kutacane"
2,Mtikm,Karimun Granite,MTIKM,"4 poligon, 111.8 km2 | Granit Karimun"
2,KJs,Saling Formation,KJS,"2 poligon, 111.4 km2 | Formasi Saling"
2,Tmtl,Telisa Formation,TMTL,"5 poligon, 110.5 km2 | Formasi Telisa"
2,Mtp,Papan Formation,MTP,"35 poligon, 110.2 km2 | Formasi Papan"
2,Qhvh1,Sekincau Volcanic,QHVH1,"1 poligon, 108.4 km2 | Gunungapi Sekincau"
2,Muwl,Undifferentiated Limestone,MUWL,"11 poligon, 107.7 km2 | Batugamping Tak Terpisahkan"
2,QTpu,Palembang Formation,QTPU,"1 poligon, 107.4 km2 | Formasi Palembang"
2,Mtims,Muarasipongi Intrusive Rock,MTIMS,"4 poligon, 106.2 km2 | Intrusi Muarasipongi"
2,Tmbp,Baong Formation,TMBP,"1 poligon, 105.5 km2 | Formasi Baong"
2,Muvb,Bentaro Volcanic,MUVB,"9 poligon, 104.9 km2 | Batuan Gunungapi Bentaro"
2,Tb,Bandan Formation,TB,"2 poligon, 104.7 km2 | Formasi Bandan"
2,Tmps2,Saibi Formation,TMPS2,"4 poligon, 102.3 km2 | Formasi Saibi"
2,Tpan,Andesite,TPAN,"2 poligon, 101.0 km2 | Batuan Gunungapi Talamau"
2,Mtt,Tuhur Formation,MTT,"1 poligon, 100.6 km2 | Formasi Tuhur"
2,MPs,Sembuang Limestone Formation,MPS,"1 poligon, 100.6 km2 | Formasi Batugamping Sembuang"
2,Qvr,Alluvium,QVR,"1 poligon, 100.3 km2 | Aluvium"
2,Mlt,Telukkido Formation,MLT,"1 poligon, 100.2 km2 | Formasi Telukkido"
2,Tmvsk,Sikarakara Volcanic,TMVSK,"2 poligon, 99.7 km2 | Formasi Gunungapi Sikarakara"
2,Tmbal,Barus Formation,TMBAL,"4 poligon, 99.0 km2 | Formasi Barus"
2,Kgd,Granodiorite,KGD,"13 poligon, 98.9 km2 | Granodiorit"
2,MPitd,Tandungkumbang Batolite,MPITD,"2 poligon, 98.6 km2 | Batolit Tandungkumbang"
2,KJr,Rawas Formation,KJR,"5 poligon, 98.4 km2 | Formasi Rawas"
2,QTvl,Peuet Sague Volcanic,QTVL,"1 poligon, 98.2 km2 | Pusat Gunungapi Peuet Sague"
2,Muj,Jaleum Formation,MUJ,"2 poligon, 97.7 km2 | Formasi Jaleum"
2,Kts,Tengkis Formation,KTS,"5 poligon, 96.9 km2 | Formasi Tengkis"
2,Qvmk,Meukeub Unit,QVMK,"1 poligon, 96.8 km2 | Satuan Meukeub"
2,Jt,Tabir Formation,JT,"1 poligon, 94.7 km2 | Formasi Tabir"
2,Tpegd,Nagan Granodiorite,TPEGD,"2 poligon, 93.3 km2 | Granodiorit Nagan"
2,Mull,Lamno Limestone Formation,MULL,"8 poligon, 92.8 km2 | Formasi Batugamping Lamno"
2,Tuse1,Serpentinites,TUSE1,"7 poligon, 92.7 km2 | Serpentinit"
2,Mtkp,Kualu Formation,MTKP,"8 poligon, 91.3 km2 | Formasi Kualu"
2,Muvk,Kenyaran Volcanic Formation,MUVK,"1 poligon, 91.1 km2 | Formasi Batuan Gunungapi Kenyaran"
2,MPibp,Batupatih Granite,MPIBP,"3 poligon, 90.9 km2 | Granit Batupatih"
2,Tmbr,Baro Formation,TMBR,"2 poligon, 89.0 km2 | Formasi Baro"
2,Tms1,Sigulai Formation,TMS1,"7 poligon, 88.8 km2 | Formasi Sigulai"
2,Qvtl,Lam Teuba Volcanic,QVTL,"6 poligon, 88.3 km2 | Gunungapi Lam Teuba"
2,Tliu,Uluhalanggodan Granite,TLIU,"3 poligon, 87.9 km2 | Granit Uluhalanggodan"
2,Pq,Permian Rock,PQ,"1 poligon, 87.2 km2 | Anggota Kuarsit Batuan Perem"
2,Mupu,Pasaman Ultramafic Complex,MUPU,"1 poligon, 85.7 km2 | Komplek Ultramafik Pasaman"
2,Qhpl1,Quarternary Volcanic,QHPL1,"1 poligon, 85.2 km2 | Batuan Gunungapi Kuarter"
2,TRJgt,Tantan Granodiorite,TRJGT,"7 poligon, 84.6 km2 | Granodiorit Tantan"
2,Tmbt,Baturaja Formation,TMBT,"11 poligon, 83.0 km2 | Formasi Baturaja"
2,MPibg,Bergang Granite,MPIBG,"5 poligon, 82.2 km2 | Granit Bergang"
2,Ppsl,Silungkang Formation,PPSL,"3 poligon, 81.8 km2 | Formasi Silungkang"
2,Jgt,Granite,JGT,"4 poligon, 81.7 km2 | Granit Tanjungbuku"
2,Qvs,Peuet Sague Volcanic,QVS,"2 poligon, 81.6 km2 | Batuan Gunungapi Peuet Sague, Samalanga"
2,Tman,Intrusive Rock,TMAN,"37 poligon, 81.6 km2 | Batuan Terobosan"
2,Mumsl,Muarasoma Formation,MUMSL,"1 poligon, 80.8 km2 | Formasi Muarasoma"
2,Qhvn,Pesawaran Volcanic,QHVN,"1 poligon, 79.6 km2 | Gunungapi Pesawaran"
2,KJl,Lingsing Formation,KJL,"1 poligon, 78.6 km2 | Formasi Lingsing"
2,Cl,Carboniferous Carbon,CL,"8 poligon, 77.8 km2 | Batuan Karbonat Karbon"
2,Ql,Reef Limestone,QL,"9 poligon, 77.7 km2 | Formasi Solok"
2,Qvm,Peuet Volcanic Centre,QVM,"1 poligon, 76.2 km2 | Batuan Gunungapi Peuet Sague, Meuntoi"
2,MPi,Minor Granite Intrus,MPI,"8 poligon, 75.8 km2 | Intrusi Granit Minor"
2,Tmvm,Musala Volcanic Formation,TMVM,"1 poligon, 75.5 km2 | Formasi Gunungapi Musala"
2,MPkl,Kaloi Limestone Formation,MPKL,"2 poligon, 73.8 km2 | Formasi Batugamping Kaloi"
2,Pps,Silungkang Formation,PPS,"5 poligon, 73.7 km2 | Formasi Silungkang"
2,Tmsb,Sibigo Formation,TMSB,"8 poligon, 73.0 km2 | Formasi Sibigo"
2,Qps1,Reef Limestone,QPS1,"5 poligon, 71.2 km2 | Batugamping Terumbu"
2,PCt,Tarap Formation,PCT,"6 poligon, 70.9 km2 | Formasi Tarap"
2,Qpva,Andesit,QPVA,"1 poligon, 70.5 km2 | Andesit"
2,MPsl,Sitoptop Limestone Formation,MPSL,"3 poligon, 70.3 km2 | Formasi Batugamping"
2,Pl,Limestone,PL,"5 poligon, 70.2 km2 | Batugamping"
2,Qpsg,Sialang Formation,QPSG,"1 poligon, 69.9 km2 | Formasi Sialang"
2,MPika,Kais Complex,MPIKA,"2 poligon, 69.4 km2 | Komplek Kais"
2,pTab,Andesit Dan Basalt,PTAB,"9 poligon, 68.1 km2 | Andesit Dan Basal"
2,Tlvb,Breueh Volcanic Formation,TLVB,"14 poligon, 67.8 km2 | Batuan Gunungapi Breueh"
2,Qhvs3,Sekincau Volcanic,QHVS3,"1 poligon, 67.1 km2 | Gunungapi Sekincau"
2,Qvo,Olim Volcanic,QVO,"1 poligon, 67.1 km2 | Batuan Gunungapi Olim"
2,MPsv,Situtup Limestone Formation,MPSV,"2 poligon, 65.9 km2 | Formasi Batugamping Situtup"
2,Tuic,Indrapuri Complex,TUIC,"4 poligon, 65.0 km2 | Formasi Indrapuri"
2,Qhvt4,Sekincau Volcanic,QHVT4,"1 poligon, 64.7 km2 | Gunungapi Sekincau"
2,Tomv,Oligocene-Miocene Volcanic,TOMV,"1 poligon, 63.6 km2 | Batuan Gunungapi Oligo-Miosen"
2,Mum,Lam Minet Formation,MUM,"1 poligon, 62.3 km2 | Formasi Lam Minet"
2,Tmva,Auran Volcanic Formation,TMVA,"4 poligon, 61.0 km2 | Formasi Gunungapi Auran"
2,Tmpn,Peuteu Formation,TMPN,"2 poligon, 60.4 km2 | Formasi Peutu"
2,Qhvps1,Ranau Formation,QHVPS1,"1 poligon, 58.8 km2 | Formasi Ranau"
2,TRjg,Akar Granite,TRJG,"7 poligon, 58.6 km2 | Granit Akar"
2,Tmvp2,Dolerite Sills,TMVP2,"1 poligon, 56.8 km2 | Retas Dolerit"
2,Tmbb,Baong Formation,TMBB,"2 poligon, 55.5 km2 | Formasi Buluh"
2,Tlpbr,Bampo Formation,TLPBR,"2 poligon, 54.3 km2 | Formasi Bampo"
2,Tmgd,Granodiorite,TMGD,"1 poligon, 52.9 km2 | Granodiorit"
2,Qvta,Gunung Talam Product,QVTA,"2 poligon, 52.6 km2 | Hasil Gunungapi Talamau"
2,Ct,Terantam Formation,CT,"1 poligon, 50.9 km2 | Formasi Terantam"
2,KJgv,Garba Formation,KJGV,"3 poligon, 50.1 km2 | Formasi Garba"
2,Qhvs1,Sekincau Volcanic,QHVS1,"1 poligon, 49.9 km2 | Gunungapi Sekincau"
2,Qpbl,Blangkajeren Formati,QPBL,"2 poligon, 49.8 km2 | Formasi Blangkajeren"
2,Tmr,Rantaukil Formation,TMR,"2 poligon, 49.4 km2 | Formasi Rantaukil"
2,Tmibi,Binai Microdiorite,TMIBI,"2 poligon, 47.7 km2 | Mikrodiorit Binail"
2,Tgdr,Granodiorite,TGDR,"1 poligon, 47.3 km2 | Granodiorit"
2,TRsd,Duriangkang Formation,TRSD,"6 poligon, 47.2 km2 | Formasi Duriangkang"
2,MPim,Mamas Intrusive Rock,MPIM,"1 poligon, 47.0 km2 | Intrusi Mamas"
2,Qvsn,Sinabung Volcanic,QVSN,"1 poligon, 46.7 km2 | Batuan Gunungapi Sinabun"
2,Tmpi,Peuteu Formation,TMPI,"1 poligon, 45.9 km2 | Formasi Peutu"
2,MPir,Rusep Granite,MPIR,"1 poligon, 45.8 km2 | Granit Rusep"
2,TRtl,Tuhur Formation,TRTL,"9 poligon, 45.7 km2 | Formasi Tuhur"
2,MPil,Meulaboh Formation,MPIL,"1 poligon, 45.7 km2 | Granit Lamacut"
2,Qhvt1,Sekincau Volcanic,QHVT1,"1 poligon, 44.4 km2 | Gunungapi Sekincau"
2,TMip1,Palok Granite,TMIP1,"2 poligon, 44.3 km2 | Granit Palok"
2,Tuktm,Kotabakti Formation,TUKTM,"1 poligon, 44.0 km2 | Formasi Kotabakti"
2,Tom,Kuala Makmur Melange,TOM,"3 poligon, 43.5 km2 | Bancuh Kuala Makmur"
2,MPila,Lamarayeu Intrusive Rock,MPILA,"1 poligon, 42.9 km2 | Intrusi Lamarayeu"
2,Tmvab,Air Bengis Volcanic,TMVAB,"2 poligon, 42.3 km2 | Formasi Batuan Gunungapi Air Bengis"
2,Tmig,Sigalagala Microdiorite,TMIG,"2 poligon, 42.1 km2 | Mikrodiorit Sigalagala"
2,MPtr,Tawar Formation,MPTR,"1 poligon, 40.0 km2 | Formasi Tawar"
2,Tmis,Sague Microdiorite,TMIS,"3 poligon, 40.0 km2 | Mikrodiorit Sague"
2,Qvns,Nama Salah Volcanic,QVNS,"1 poligon, 39.6 km2 | Pusat Gunungapi Nama Salah"
2,Tmvam,Amas Volcanic Formation,TMVAM,"1 poligon, 39.1 km2 | Formasi Batuan Gunungapi Amas"
2,KJpm,Penete Formation,KJPM,"12 poligon, 39.0 km2 | Formasi Peneta"
2,Tomg,Gading Formation,TOMG,"5 poligon, 39.0 km2 | Formasi Gading"
2,Mtimc,Merah Complex,MTIMC,"2 poligon, 37.8 km2 | Komplek Merah"
2,Tmbs,Baong Formation,TMBS,"2 poligon, 37.6 km2 | Formasi Baong"
2,Qhrd,Sekincau Volcanic,QHRD,"1 poligon, 36.5 km2 | Gunungapi Sekincau"
2,Tubc,Beatang Ultramafic Complex,TUBC,"1 poligon, 36.4 km2 | Komplek Ultramafik Beatang"
2,TMibs,Baso Intrusive Rock,TMIBS,"3 poligon, 36.0 km2 | Intrusi Baso"
2,Tmol,Ombilin Formation,TMOL,"2 poligon, 35.1 km2 | Formasi Ombilin"
2,MPida,Daling Granite,MPIDA,"1 poligon, 34.7 km2 | Daling Granit"
2,MPiro,Sise Limestone Formation,MPIRO,"1 poligon, 34.6 km2 | Intrusi Rokan"
2,Tpsi,Siap Formation,TPSI,"3 poligon, 34.5 km2 | Formasi Siap"
2,Tmls,Sigulai Formation,TMLS,"3 poligon, 32.6 km2 | Formasi Sigulai"
2,Tmts,Telisa Formation,TMTS,"1 poligon, 32.5 km2 | Formasi Telisa"
2,MPii,Inong Granite,MPII,"1 poligon, 31.7 km2 | Granit Inong"
2,d,"Diabas, Basalt",D,"2 poligon, 31.4 km2 | Diabas, Basal"
2,Muba,Babahrot Formation,MUBA,"2 poligon, 30.5 km2 | Formasi Babahrot"
2,Qvsb,Sembuang Volcanic,QVSB,"1 poligon, 30.0 km2 | Batuan Gunungapi Sembuang"
2,QTse,Semung Formation,QTSE,"1 poligon, 29.8 km2 | Formasi Semung"
2,TMik,Karaikan Intrusive Rock,TMIK,"2 poligon, 29.6 km2 | Intrusi Karaikan"
2,MPiub,Sibubung Atas Intrus,MPIUB,"2 poligon, 29.0 km2 | Intrusi Sibubung Atas"
2,PCmpk,Persing Komplek,PCMPK,"4 poligon, 28.8 km2 | Komplek Persing"
2,Tlk,Kieme Formation,TLK,"1 poligon, 28.0 km2 | Formasi Kieme"
2,Qvpb,Pusuk Bukit Volcanic,QVPB,"1 poligon, 27.2 km2 | Pusuk Bukit Volcanic Centre"
2,Tmisp,Sopan Diorite,TMISP,"1 poligon, 26.3 km2 | Diorit Sopan"
2,Migm,Komplek Genes Mukek,MIGM,"1 poligon, 26.1 km2 | Komplek Genes Mukek"
2,Miskm,Sikuleh Batholith,MISKM,"1 poligon, 25.6 km2 | Batolit Sikuleh (Komplek Tua)"
2,Qrv,Ranau Formation,QRV,"2 poligon, 25.3 km2 | Formasi Ranau"
2,Qhr2,Sekincau Volcanic,QHR2,"1 poligon, 25.0 km2 | Gunungapi Sekincau"
2,Kd,Diorite,KD,"1 poligon, 24.8 km2 | Diorit"
2,PCmc,Mentulu Formation,PCMC,"1 poligon, 24.5 km2 | Formasi Mentulu"
2,Qhtb,Sekincau Volcanic,QHTB,"1 poligon, 24.2 km2 | Gunungapi Sekincau"
2,Tlvbr,Breueh Volcanic Formation,TLVBR,"2 poligon, 24.1 km2 | Satuan Batuan Gunungapi Brawan"
2,Tuktp,Kotabakti Formation,TUKTP,"2 poligon, 24.0 km2 | Formasi Kotabakti"
2,Psl,Silungkang Formation,PSL,"4 poligon, 23.2 km2 | Formasi Silungkang"
2,QTve,Kota Alam Volcanic Formaton,QTVE,"6 poligon, 23.2 km2 | Formasi Gunungapi Kota Alam"
2,Kub,Ultrabasic,KUB,"2 poligon, 23.1 km2 | Ultrabasa"
2,KJg,Garba Formation,KJG,"2 poligon, 22.0 km2 | Formasi Garba"
2,Qvtsu,Sibutan Unit Of Toba,QVTSU,"1 poligon, 21.9 km2 | Pusat Toba Unit Sibutan"
2,Qvtd,Tudeuk Volcanic Center,QVTD,"1 poligon, 21.6 km2 | Batuan Pusat Gunungapi Tudeuk"
2,KJgs,Garba Formation,KJGS,"4 poligon, 21.3 km2 | Formasi Situlanglang"
2,Mugm,Gume Formation,MUGM,"1 poligon, 21.0 km2 | Formasi Gume"
2,Tlvk,Loser Formation,TLVK,"1 poligon, 20.8 km2 | Formasi Loser"
2,Qpb,Bukit Punjung Formation,QPB,"3 poligon, 20.0 km2 | Formasi Bukitpunjung"
2,Mltl,Telukkido Formation,MLTL,"1 poligon, 19.5 km2 | Formasi Telukkido"
2,Qvmb,Pepanji Unit,QVMB,"1 poligon, 19.4 km2 | Satuan Pepanji"
2,Qvbu,Pyroclastic Unit Of Bekulap,QVBU,"3 poligon, 19.1 km2 | Satuan Piroklatik Bekulap"
2,MPiuk,Ketambe Atas Granite,MPIUK,"1 poligon, 18.9 km2 | Granit Ketambe Atas"
2,Mullr,Lamno Limestone Formation,MULLR,"1 poligon, 18.6 km2 | Formasi Batugamping Lamno"
2,QTpsl,Seulimeum Formation,QTPSL,"1 poligon, 18.6 km2 | Formasi Seulimeum"
2,MPm,Malang Formation,MPM,"1 poligon, 18.5 km2 | Formasi Malang"
2,Tmipl,Parlampungan Intrusive Rock,TMIPL,"1 poligon, 18.2 km2 | Intrusi Parlampungan"
2,Qvba,Subayak Centre,QVBA,"1 poligon, 18.0 km2 | Pusat Sibayak"
2,MPiul,Ulak Granite,MPIUL,"4 poligon, 17.9 km2 | Granit Ulak"
2,Qvga,Gajah Volcanic Centre,QVGA,"1 poligon, 17.9 km2 | Pusat Gunungapi Gajah"
2,Tpc,Miocene Polymictic,TPC,"1 poligon, 17.0 km2 | Konglomerat Polimiktik Miosen"
2,MPis,Sambe Merham Intrusive Rock,MPIS,"3 poligon, 16.7 km2 | Intrusi Sambe Merham"
2,Pzgk,Sidodadi Quarzite,PZGK,"1 poligon, 16.6 km2 | Kuarsit Sidodadi"
2,Qhts,Sekincau Volcanic,QHTS,"1 poligon, 16.3 km2 | Gunungapi Sekincau"
2,Tpokc,Kikim Formation,TPOKC,"1 poligon, 16.2 km2 | Formasi Kikim"
2,TMikl,Kila Intrusive Rock,TMIKL,"2 poligon, 16.2 km2 | Intrusi Kila"
2,Tmpb1,Peutu Formation,TMPB1,"7 poligon, 16.1 km2 | Formasi Peutue"
2,Tuset,Tangse Serpentinite,TUSET,"1 poligon, 16.0 km2 | Serpentin Tangse"
2,Mugl,Geumpang Formation,MUGL,"1 poligon, 15.7 km2 | Formasi Geumpang"
2,TMisu,Susoh Intrusive Rock,TMISU,"1 poligon, 15.0 km2 | Intrusi Susoh"
2,Qps,Reef Limestone,QPS_SUM2,"6 poligon, 14.5 km2 | Batugamping Terumbu"
2,KJsp,Sepingtiang Formation,KJSP,"1 poligon, 14.4 km2 | Formasi Sepingtiang"
2,MPih,Hatapang Granite,MPIH,"1 poligon, 13.8 km2 | Granit Hatapang"
2,Tmiu1,Unga Diorite,TMIU1,"7 poligon, 13.4 km2 | Diorit Unga"
2,Mul,Lho'Nga Formation,MUL,"2 poligon, 13.2 km2 | Formasi Lho'Nga"
2,Km1,Menanga Formation,KM1,"5 poligon, 12.9 km2 | Formasi Menanga"
2,Mumss,Woyla Formation,MUMSS,"6 poligon, 12.9 km2 | Formasi Woyla"
2,Qvma,Martimbang Volcanic,QVMA,"1 poligon, 11.9 km2 | Pusat Gununapi Martimbang"
2,Tlvm,Semeten Volcanic Rock,TLVM,"1 poligon, 11.6 km2 | Batuan Gunungapi Semeten"
2,Qvbr,Barus Volcanic,QVBR,"1 poligon, 11.1 km2 | Batuan Gunungapi Barus"
2,MPig,Gurah Complex,MPIG,"1 poligon, 11.0 km2 | Komplek Gurah"
2,Tmit,Trumon Diorite,TMIT,"2 poligon, 10.9 km2 | Diorit Trumon"
2,MPip,Panyambaungan Batholite,MPIP,"2 poligon, 10.9 km2 | Batolit Panyambungan"
2,Tmpa,Arun Limestone,TMPA,"1 poligon, 10.9 km2 | Anggota Batugamping Arun"
2,Tuku,Keutapang Formation,TUKU,"2 poligon, 10.7 km2 | Formasi Keutapang"
2,Jl,Jurrasic Limestone,JL,"1 poligon, 10.4 km2 | Batugamping Jura"
2,Mij,Jamur Pisang Gabro,MIJ,"1 poligon, 10.2 km2 | Gabro Jamur Pisang"
2,Tmitj,Tinjauan Diorite,TMITJ,"1 poligon, 10.0 km2 | Diorit Tinjauan"
2,Qvtsa,Toba Centre,QVTSA,"2 poligon, 9.9 km2 | Pusat Toba Unit Sibandang"
2,Tm,Seblat Granite,TM,"2 poligon, 9.7 km2 | Granit Sablat"
2,MPikt,Keteran Granite,MPIKT,"2 poligon, 9.5 km2 | Granit Keteran"
2,Tmda,Piabung Dacite,TMDA,"6 poligon, 9.2 km2 | Dasite Piabung"
2,Qhpl2,Quarternary Volcanic,QHPL2,"1 poligon, 8.5 km2 | Batuan Gunungapi Kuarter"
2,Tml3,Lemau Formation,TML3,"1 poligon, 8.3 km2 | Lemau Formation"
2,MPira,Raneueh Granite,MPIRA,"1 poligon, 8.2 km2 | Granit Raneueh"
2,QTim,Menden Microdiorite,QTIM,"3 poligon, 7.4 km2 | Mikrodiorit Mendem"
2,Mtks,Kualu Formation,MTKS,"2 poligon, 7.4 km2 | Formasi Kualu"
2,Qpds,Younger Dyke And Sil,QPDS,"11 poligon, 7.3 km2 | Retas Dan Retas Lempeng Muda"
2,PCmb,Berakit Formation,PCMB,"1 poligon, 7.0 km2 | Formasi Berakit"
2,MPibd,Biden Granite,MPIBD,"1 poligon, 6.9 km2 | Granit Biden"
2,Qpka,Ketambe Formation,QPKA,"1 poligon, 6.6 km2 | Formasi Ketambe"
2,Qvtm,Teu Minas Volcanic,QVTM,"1 poligon, 6.5 km2 | Batuan Pusat Gunungapi Teu Minas"
2,Trs,Granite,TRS,"1 poligon, 6.4 km2 | Granit"
2,Tuim,Mangani Porphyry,TUIM,"1 poligon, 6.2 km2 | Porfir Mangani"
2,Qb,Basaltic Lava,QB,"1 poligon, 6.1 km2 | Lava Basal"
2,Qvsp,Simbolon Centre,QVSP,"3 poligon, 6.0 km2 | Pusat Simbolon"
2,Kd,Kuarsa Diorite,KD_SUM2,"1 poligon, 5.9 km2 | Diorit"
2,Qhvps2,Ranau Formation,QHVPS2,"1 poligon, 5.7 km2 | Formasi Ranau"
2,Pcn,Ngaol Formation,PCN,"1 poligon, 5.7 km2 | Formasi Ngaol"
2,MPimr,Merah Intrusive Rock,MPIMR,"1 poligon, 5.1 km2 | Intrusi Merah"
2,Kdi,Kuarsa Diorite,KDI,"1 poligon, 4.9 km2 | Diorite Kuarsa"
2,Tii,Inong Microdiorites,TII,"1 poligon, 4.7 km2 | Mikrodiorit Inong"
2,Qvm,Olim Volcanic,QVM_SUM2,"1 poligon, 4.6 km2 | Batuan Gunungapi Peuet Sague, Meuntoi"
2,Tuw,Muarasipongi Intrusive Rock,TUW,"1 poligon, 3.6 km2 | Intrusi Muarasipongi"
2,QTta,Andesit Dan Tufa,QTTA,"3 poligon, 3.5 km2 | Andesit Dan Tuff"
2,Tltv,Tangla Formation,TLTV_SUM2,"1 poligon, 3.4 km2 | Formasi Tangla"
2,Pukl,Kluet Formation,PUKL,"3 poligon, 3.4 km2 | Formasi Kluet"
2,MPius,Sempali Atas Granite,MPIUS,"1 poligon, 3.2 km2 | Granit Sempali Atas"
2,MPit,Telege Intrusive Rock,MPIT,"1 poligon, 3.0 km2 | Intrusi Telege"
2,Qpv,Pasumah Formation,QPV,"1 poligon, 3.0 km2 | Formasi Pasumah"
2,Tlis,Sitaban Formation,TLIS,"1 poligon, 2.7 km2 | Formasi Sitaban"
2,qd,Batubesi Formation,QD,"1 poligon, 2.7 km2 | Formasi Batubesi"
2,TMign,Gani Microdiorite,TMIGN,"1 poligon, 2.7 km2 | Mikrodiorit Gani"
2,TMism,Seumayam Complex,TMISM,"1 poligon, 2.5 km2 | Komplek Seumayam"
2,Mirb,Rob Microgabro,MIRB,"1 poligon, 1.8 km2 | Mikrogabro Rob"
2,KJub,Ultrabasic Rock,KJUB,"2 poligon, 1.8 km2 | Satuan Batuan Ultrabasa"
2,MPima,Meluak Granodiorit,MPIMA,"1 poligon, 1.4 km2 | Granodiorit Meluak"
2,Pcnl,Ngaol Formation,PCNL,"1 poligon, 1.4 km2 | Anggota Batugamping Meta Formasi Ngaol"
2,MPid,Dalam Microdiorite,MPID,"1 poligon, 1.3 km2 | Mikrodiorit Dalam"
2,Kgr2,Cretaceous Granite,KGR2,"1 poligon, 1.3 km2 | Granit Kapur"
2,MPimk,Mengkudu Intrusive Rock,MPIMK,"1 poligon, 1.2 km2 | Intrusi Mengkudu"
2,TMim,Marpunge Granite,TMIM,"1 poligon, 1.2 km2 | Granit Marpunge"
2,Qpd,Dyke And Sill,QPD,"1 poligon, 1.2 km2 | Retas Mikrogabroid"
2,Tir,Raya Diorite,TIR,"1 poligon, 0.9 km2 | Diorit Raya"
2,Mir,Reungeuet Stock,MIR,"2 poligon, 0.6 km2 | Stok Reungeuet"
2,Sp,Serpentinite,SP,"2 poligon, 0.5 km2 | Serpentinit"
2,Miba,Babahrot Stock,MIBA,"1 poligon, 0.3 km2 | Stok Babahrot"
2,Tms,Sigulai Formation,TMS,"1 poligon, 0.2 km2 | Formasi Sigulai"
2,Qcl,Batumonga Formation,QCL_SUM2,"4 poligon, 0.2 km2 | Formasi Batumonga"
